phenotype,t_stat,p_value
Phenotype_A,361.55957051211533,0.0
Phenotype_B,3.9540879118421532,7.683778066766607e-05
Phenotype_C,-100.31163783754457,0.0
Phenotype_D,3.5950614654700614,0.0003243463396472827
Phenotype_E,762.4446908722879,0.0
