GENE_ID,ADJ_PVAL
ENSG00000237263,1.750608e-266
ENSG00000237103,3.338912e-256
ENSG00000131721,2.787036e-253
ENSG00000279955,1.005342e-234
ENSG00000184988,3.046523e-233
ENSG00000274324,6.297322e-220
